<window id="129">
    <defaultcontrol always="true">10</defaultcontrol>
    <coordinates>
        <origin x="0" y="0" />
    </coordinates>
    <controls>
        <control type="group">
            <include>Animation_DialogPopupOpenClose</include>
            <width>800</width>
            <height>500</height>
            <centerleft>50%</centerleft>
            <centertop>50%</centertop>
        <include content="DialogBackgroundCommons">
	    <param name="DialogBackgroundWidth" value="800" />
	    <param name="DialogBackgroundHeight" value="500" />
	    <param name="DialogHeaderLabel" value="RSS Editor" />
	</include>
        <control type="label" id="2">
            <description>Heading Label</description>
            <posy>60</posy>
            <width>800</width>
            <align>center</align>
            <textcolor>button_focus</textcolor>
            <visible>false</visible>
        </control>
        <control type="label" id="3">
            <top>80</top>
            <width>760</width>
            <left>40</left>
            <font>font13</font>
            <textcolor>button_focus</textcolor>
            <visible>false</visible>
        </control>
        <control type="label">
            <top>80</top>
            <width>760</width>
            <left>40</left>
            <label>40050</label>
            <font>font13</font>
            <textcolor>button_focus</textcolor>
        </control>
        <control type="list" id="10">
            <left>40</left>
            <top>140</top>
            <width>490</width>
            <height>240</height>
            <onup>9001</onup>
            <onleft>13</onleft>
            <onright>11</onright>
            <ondown>18</ondown>
            <pagecontrol>-</pagecontrol>
            <scrolltime>200</scrolltime>
            <itemlayout height="80">
                <control type="image">
                    <width>490</width>
                    <height>69</height>
                    <texture>buttons/rsseditor-nofocus.png</texture>
                </control>
                <control type="label">
                    <posx>5</posx>
                    <posy>0</posy>
                    <width>490</width>
                    <height>69</height>
                    <aligny>center</aligny>
                    <align>left</align>
                    <font>font12</font>
                    <info>ListItem.Label</info>
                </control>
            </itemlayout>
            <focusedlayout height="80">
                <control type="image">
                    <posx>0</posx>
                    <posy>0</posy>
                    <width>490</width>
                    <height>69</height>
                    <texture colordiffuse="button_focus">buttons/rsseditor-nofocus.png</texture>
                    <visible>!Control.hasfocus(10)</visible>
                </control>
                <control type="image">
                    <posx>0</posx>
                    <posy>0</posy>
                    <width>490</width>
                    <height>69</height>
                    <texture colordiffuse="button_focus">buttons/rsseditor-nofocus.png</texture>
                    <visible>Control.hasfocus(14)|Control.hasfocus(10)</visible>
                </control>
                <control type="label">
                    <posx>5</posx>
                    <posy>0</posy>
                    <width>490</width>
                    <height>69</height>
                    <aligny>center</aligny>
                    <align>left</align>
                    <font>font12</font>
                    <scroll>yes</scroll>
                    <info>ListItem.Label</info>
                </control>
            </focusedlayout>
        </control>
        <control type="group" id="9000">            
            <control type="button" id="11">
                <description>Change Set Button</description>
                <right>20</right>
                <top>122</top>
                <align>center</align>
                <width>230</width>
                <height>107</height>
                <font>font12_title</font>
                <textcolor>white</textcolor>
		<textoffsetx>20</textoffsetx>
		<texturefocus border="40" colordiffuse="button_focus">buttons/dialogbutton-fo.png</texturefocus>
		<texturenofocus border="40">buttons/dialogbutton-nofo.png</texturenofocus>
                <onup>14</onup>
                <onleft>10</onleft>
                <onright>10</onright>
                <ondown>13</ondown>
            </control>
            <control type="button" id="13">
                <description>Add Button</description>
                <right>20</right>
                <top>202</top>
                <align>center</align>
                <width>230</width>
                <height>107</height>
                <label>15019</label>
                <font>font12_title</font>
                <textcolor>white</textcolor>
		<textoffsetx>20</textoffsetx>
		<texturefocus border="40" colordiffuse="button_focus">buttons/dialogbutton-fo.png</texturefocus>
		<texturenofocus border="40">buttons/dialogbutton-nofo.png</texturenofocus>
                <onup>11</onup>
                <onleft>10</onleft>
                <onright>10</onright>
                <ondown>14</ondown>
            </control>
            <control type="button" id="14">
                <description>Remove Button</description>
                <right>20</right>
                <top>282</top>
                <align>center</align>
                <width>230</width>
                <height>107</height>
                <label>1210</label>
                <font>font12_title</font>
                <textcolor>white</textcolor>
		<textoffsetx>20</textoffsetx>
		<texturefocus border="40" colordiffuse="button_focus">buttons/dialogbutton-fo.png</texturefocus>
		<texturenofocus border="40">buttons/dialogbutton-nofo.png</texturenofocus>
                <onup>13</onup>
                <onleft>10</onleft>
                <onright>10</onright>
                <ondown>9001</ondown>
            </control>
        </control>
        <control type="group" id="9001">
            <control type="button" id="18">
                <description>Ok Button</description>
                <align>center</align>
                <right>250</right>
                <top>382</top>
                <width>230</width>
                <height>107</height>
                <label>186</label>
                <font>font12_title</font>
                <textcolor>white</textcolor>
		<textoffsetx>20</textoffsetx>
		<texturefocus border="40" colordiffuse="button_focus">buttons/dialogbutton-fo.png</texturefocus>
		<texturenofocus border="40">buttons/dialogbutton-nofo.png</texturenofocus>
                <onup>10</onup>
                <onleft>10</onleft>
                <onright>19</onright>
                <ondown>10</ondown>
            </control>
            <control type="button" id="19">
                <description>Cancel Button</description>
                <align>center</align>
                <right>20</right>
                <top>382</top>
                <width>230</width>
                <height>107</height>
                <label>222</label>
                <font>font12_title</font>
                <textcolor>white</textcolor>
		<textoffsetx>20</textoffsetx>
		<texturefocus border="40" colordiffuse="button_focus">buttons/dialogbutton-fo.png</texturefocus>
		<texturenofocus border="40">buttons/dialogbutton-nofo.png</texturenofocus>
                <onup>14</onup>
                <onleft>18</onleft>
                <onright>11</onright>
                <ondown>10</ondown>
            </control>
        </control>
       </control> 
    </controls>
</window>