<?xml version="1.0" encoding="UTF-8"?>
    <addon id="repository.guilouz" name="Guilouz Repository" version="1.0.0" provider-name="Guilouz">
        <requires>
            <import addon="xbmc.addon" version="12.0.0"/>
        </requires>
        <extension point="xbmc.addon.repository" name="Guilouz Repository">
            <info compressed="false">https://raw.githubusercontent.com/Guilouz/repository.guilouz/master/_repo/addons.xml</info>
            <checksum>https://raw.githubusercontent.com/Guilouz/repository.guilouz/master/_repo/addons.xml.md5</checksum>
            <datadir zip="true">https://github.com/Guilouz/repository.guilouz/raw/master/_repo</datadir>
            <hashes>false</hashes>
        </extension>
        <extension point="xbmc.addon.metadata">
            <summary lang="en">Guilouz's addons repository</summary>
            <summary lang="fr">Extensions du dépôt de Guilouz.</summary>
            <description lang="en">Download and install Guilouz's addons repository.</description>
            <description lang="fr">Téléchargez et installez les extensions du dépôt de Guilouz.</description>
            <platform>all</platform>
    </extension>
</addon>