<?xml version="1.0" encoding="UTF-8" standalone="yes"?>
<addon id="repository.guilouz" name="Guilouz Repository" version="1.0.0" provider-name="Guilouz">
    <requires>
        <import addon="xbmc.addon" version="12.0.0"/>
    </requires>
    <extension point="xbmc.addon.repository" name="Guilouz Repository">
        <checksum>https://raw.githubusercontent.com/Guilouz/repository.guilouz/master/addons.xml.md5</checksum>
        <info compressed="false">https://raw.githubusercontent.com/Guilouz/repository.guilouz/master/addons.xml</info>
        <datadir zip="true">https://github.com/Guilouz/repository.guilouz/raw/master/_repo</datadir>
    </extension>

    <extension point="xbmc.addon.metadata">
        <summary lang="fr">Guilouz's addons repository</summary>
        <description lang="fr">Download and install Guilouz's addons repository.</description>
        <summary lang="en">Guilouz's addons repository</summary>
        <description lang="en">Download and install Guilouz's addons repository.</description>
        <platform>all</platform>
    </extension>
</addon>