<?xml version="1.0" encoding="UTF-8"?>
    <addon id="repository.guilouz" name="Guilouz Repository" version="1.0.0" provider-name="Guilouz">
        <requires>
            <import addon="xbmc.addon" version="12.0.0"/>
        </requires>
        <extension point="xbmc.addon.repository" name="Guilouz Repository">
            <info compressed="false">https://raw.githubusercontent.com/Guilouz/repository.guilouz/_repo/addons.xml</info>
            <checksum>https://raw.githubusercontent.com/Guilouz/repository.guilouz/_repo/addons.xml.md5</checksum>
            <datadir zip="true">https://raw.githubusercontent.com/Guilouz/repository.guilouz/_repo/</datadir>
            <hashes>false</hashes>
        </extension>
        <extension point="xbmc.addon.metadata">
            <summary>Guilouz's addons repository</summary>
            <description>Download and install Guilouz's addons repository.</description>
            <platform>all</platform>
    </extension>
</addon>