<?xml version="1.0" encoding="UTF-8"?>
<includes>
     <include name="View_57_ClearArts">
        <control type="group">
            <visible>Control.IsVisible(57)</visible>
            <include>Visible_Right</include>
	    <include>OpenClose_Right</include>
	    <top>160</top>
	<control type="image">
		<left>65</left>
		<top>218</top>
		<width>28</width>
		<height>28</height>
		<texture flipx="true" colordiffuse="button_focus">overlays/arrowright.png</texture>
		<animation effect="zoom" start="0,100" end="100,100" center="auto" time="200">VisibleChange</animation>
		<animation effect="zoom" start="0,100" end="100,100" delay="500" center="auto" time="200">WindowOpen</animation>
		<animation effect="zoom" start="100,100" end="0,100" center="auto" time="200">WindowClose</animation>
	</control>
	<control type="image">
		<right>65</right>
		<top>218</top>
		<width>28</width>
		<height>28</height>
		<texture colordiffuse="button_focus">overlays/arrowright.png</texture>
		<animation effect="zoom" start="0,100" end="100,100" center="auto" time="200">VisibleChange</animation>
		<animation effect="zoom" start="0,100" end="100,100" delay="500" center="auto" time="200">WindowOpen</animation>
		<animation effect="zoom" start="100,100" end="0,100" center="auto" time="200">WindowClose</animation>
	</control>
	<control type="button" id="57500">
		<left>65</left>
		<top>218</top>
		<width>28</width>
		<height>28</height>
		<texturefocus>-</texturefocus>
		<texturenofocus>-</texturenofocus>
		<onclick>Control.Move(57,-1)</onclick>
		<visible allowhiddenfocus="true">Container(57).HasPrevious + [Control.HasFocus(57) | Control.HasFocus(57500)]</visible>
	</control>
	<control type="button" id="57501">
        	<right>65</right>
		<top>218</top>
		<width>28</width>
		<height>28</height>
		<texturefocus>-</texturefocus>
		<texturenofocus>-</texturenofocus>
		<onclick>Control.Move(57,1)</onclick>
		<visible allowhiddenfocus="true">Container(57).HasNext + [Control.HasFocus(57) | Control.HasFocus(57501)]</visible>
	</control>
            <include content="View_ClearArts">
                <param name="id" value="57" />
                <param name="condition" value="Container.Content(sets) | Container.Content(tvshows) | Container.Content(movies)" />
            </include>
        </control>
    </include>
      
    <include name="View_ClearArts">
        <include>View_ClearArts_Top</include> 
        <control type="group">
            <control type="wraplist" id="$PARAM[id]">
                <top>525</top>
                <left>-358</left>
                <width>2736</width>
                <height>200</height>
                <onleft>$PARAM[id]</onleft>
                <onright>$PARAM[id]</onright>
                <ondown>5199</ondown>
                <onup condition="!Skin.HasSetting(KioskMode)">9000</onup>
                <pagecontrol>5199</pagecontrol>
                <focusposition>3</focusposition>
                <preloaditems>1</preloaditems>
                <orientation>horizontal</orientation>
                <viewtype label="ClearArts">bigwide</viewtype>
                <scrolltime tween="cubic" easing="out">500</scrolltime>
                <visible>$PARAM[condition]</visible>
                <itemlayout height="200" width="378">
                    <control type="group">
                        <left>0</left>
                        <right>10</right>
                        <control type="group">
                        	<centertop>50%</centertop>
                            <height>186</height>
                            <width>330</width>
                            <centerleft>50%</centerleft>
                            <visible>String.IsEmpty(ListItem.Art(clearlogo))</visible>
                            <visible>String.IsEmpty(ListItem.Art(tvshow.clearlogo))</visible>
                        <control type="image">
                            <height>100%</height>
                            <width>100%</width>
			    			<aspectratio align="center" aligny="center">keep</aspectratio>
                            <texture>$INFO[ListItem.Art(fanart)]</texture>
                        </control>
                        <control type="image">
                            <centerleft>50%</centerleft>
                            <bottom>0</bottom>
                            <height>35</height>
                            <width>330</width>
                            <texture>dialogs/back.png</texture>
                        </control>         
                        <control type="label">
                            <centerleft>50%</centerleft>
                            <bottom>5</bottom>
                            <height>30</height>
                            <width>330</width>
                            <align>center</align>
                            <aligny>center</aligny>
                            <scroll>yes</scroll>
                            <font>font10</font>
                            <label>$INFO[ListItem.Label]</label>
                        </control>
                        </control>                                           
                        <control type="image">
                            <bottom>0</bottom>
                            <height>186</height>
                            <width>330</width>
                            <centerleft>50%</centerleft>
                            <aspectratio align="center" aligny="center">keep</aspectratio>
                            <texture>$VAR[ClearArtView]</texture>
                        </control>                        
                    </control>
                </itemlayout>
                <focusedlayout height="200" width="378">                                      
                    <control type="group">
                        <left>0</left>
                        <right>10</right>
                        <control type="group">
                        	<centertop>50%</centertop>
                            <height>186</height>
                            <width>330</width>
                            <centerleft>50%</centerleft>
                            <visible>String.IsEmpty(ListItem.Art(clearlogo))</visible>
                            <visible>String.IsEmpty(ListItem.Art(tvshow.clearlogo))</visible>
                        <control type="image">
                            <height>100%</height>
                            <width>100%</width>
			    			<aspectratio align="center" aligny="center">keep</aspectratio>
                            <texture>$INFO[ListItem.Art(fanart)]</texture>
                        </control>
                        <control type="image">
                            <centerleft>50%</centerleft>
                            <bottom>0</bottom>
                            <height>35</height>
                            <width>330</width>
                            <texture>dialogs/back.png</texture>
                        </control>         
                        <control type="label">
                            <centerleft>50%</centerleft>
                            <bottom>5</bottom>
                            <height>30</height>
                            <width>330</width>
                            <align>center</align>
                            <aligny>center</aligny>
                            <scroll>yes</scroll>
                            <font>font10</font>
                            <label>$INFO[ListItem.Label]</label>
                        </control>
                        </control>                                     
                        <control type="image">
                            <bottom>0</bottom>
                            <height>186</height>
                            <width>330</width>
                            <centerleft>50%</centerleft>
			    <aspectratio align="center" aligny="center">keep</aspectratio>
                            <texture>$VAR[ClearArtView]</texture>
                        </control>                        
                    </control>
                 </focusedlayout>
            </control>
        </control>       
    </include> 
    
    <include name="View_ClearArts_Top">
        <control type="image">
            <left>-20</left>
            <right>-20</right>
            <height>200</height>
            <bottom>195</bottom>
            <texture>dialogs/back.png</texture>
        </control>
        <control type="image">
            <left>766</left>
            <height>242</height>
            <width>390</width>
            <bottom>173</bottom>
            <texture border="40" colordiffuse="button_focus">buttons/dialogbutton-fo.png</texture>
        </control>  
        <control type="group">
            <top>20</top>
            <height>430</height>
            <control type="image">
                <centerleft>50%</centerleft>
                <width>1658</width>
                <height>100%</height>
                <texture>dialogs/back.png</texture>
            </control>
            <control type="image">
                <top>10</top>
                <posx>1049</posx>
                <height>410</height>
                <width>730</width>
                <fadetime>200</fadetime>                            
                <aspectratio>stretch</aspectratio>
                <texture background="true">$VAR[FanartImageVar]</texture>
            </control>
            <control type="textbox">
                <top>10</top>
                <posx>439</posx>
                <left>449</left>
                <right>10</right>
                <width>580</width>  
                <height>338</height>
                <font>font12</font>
                <align>justify</align>
                <label>$INFO[ListItem.Tagline,[B],[/B][CR]]$INFO[ListItem.Plot]</label>
		<autoscroll delay="10000" time="4000" repeat="10000">Skin.HasSetting(autoscroll)</autoscroll>
		<visible>!ListItem.IsCollection + String.IsEqual(ListItem.DBType,tvshow)</visible>
            </control>
            <control type="textbox">
                <top>10</top>
                <posx>439</posx>
                <left>449</left>
                <right>10</right>
                <width>580</width>  
                <height>365</height>
                <font>font12</font>
                <align>justify</align>
                <label>$INFO[ListItem.Tagline,[B],[/B][CR]]$INFO[ListItem.Plot]</label>
		<autoscroll delay="10000" time="4000" repeat="10000">Skin.HasSetting(autoscroll)</autoscroll>
		<visible>!ListItem.IsCollection + !String.IsEqual(ListItem.DBType,tvshow)</visible>
            </control>
            <control type="textbox">
                <top>10</top>
                <posx>439</posx>
                <left>449</left>
                <right>10</right>
                <width>580</width>  
                <height>365</height>
                <font>font12</font>
                <align>justify</align>
                <label>$INFO[Window(Home).Property(SkinHelper.MovieSet.ExtendedPlot)]</label>
		<autoscroll delay="10000" time="4000" repeat="10000">Skin.HasSetting(autoscroll)</autoscroll>
		<visible>ListItem.IsCollection</visible>
            </control>
            <control type="image">
		<bottom>2</bottom>
		<posx>991</posx>
		<width>48</width>
		<height>48</height>
		<texture>$VAR[ListWatchedIconVar]</texture>
	    </control>
	    <control type="label">
                <bottom>40</bottom>
                <posx>439</posx>
                <left>449</left>
                <right>10</right>
                <width>535</width>  
                <height>30</height>
                <scroll>yes</scroll>
                <font>font12</font>
                <label>$INFO[Window(Home).Property(NextAired.LatestDate),[COLOR button_focus]$LOCALIZE[40109] : [/COLOR], - ]$INFO[Window(Home).Property(NextAired.LatestNumber),, ]$INFO[Window(Home).Property(NextAired.LatestTitle)]</label>
                <visible>String.IsEmpty(Window(Home).Property(NextAired.NextDate))</visible>
            </control>
	    <control type="label">
                <bottom>40</bottom>
                <posx>439</posx>
                <left>449</left>
                <right>10</right>
                <width>535</width>  
                <height>30</height>
                <scroll>yes</scroll>
                <font>font12</font>
                <label>$INFO[Window(Home).Property(NextAired.NextDate),[COLOR button_focus]$LOCALIZE[40108] : [/COLOR], - ]$INFO[Window(Home).Property(NextAired.NextNumber),, ]$INFO[Window(Home).Property(NextAired.NextTitle)]</label>
                <visible>!String.IsEmpty(Window(Home).Property(NextAired.NextDate))</visible>
            </control>
            <control type="label">
                <bottom>10</bottom>
                <posx>439</posx>
                <left>449</left>
                <right>10</right>
                <width>535</width>  
                <height>30</height>
                <scroll>yes</scroll>
                <font>font12</font>
                <label>$INFO[ListItem.Genre,[COLOR button_focus]$LOCALIZE[515] : [/COLOR], ]</label>
                <visible>String.IsEqual(ListItem.DBType,tvshow)</visible>
            </control>
            <control type="label">
                <bottom>10</bottom>
                <posx>439</posx>
                <left>449</left>
                <right>10</right>
                <width>535</width>  
                <height>30</height>
                <scroll>yes</scroll>
                <font>font12</font>
                <textcolor>button_focus</textcolor>
                <label>$INFO[ListItem.Genre]</label>
                <visible>!String.IsEqual(ListItem.DBType,tvshow)</visible>
            </control>
            <control type="label">
                <bottom>10</bottom>
                <posx>439</posx>
                <left>449</left>
                <right>10</right>
                <width>535</width>  
                <height>30</height>
                <scroll>yes</scroll>
                <font>font12</font>
                <textcolor>button_focus</textcolor>
                <label>$INFO[Window(Home).Property(SkinHelper.MovieSet.Genre)]</label>
            </control>
            <control type="image">
                <top>10</top>
                <posx>141</posx>
                <height>410</height>
                <width>288</width>
                <fadetime>200</fadetime>                               
                <aspectratio>stretch</aspectratio>
                <texture background="true" fallback="DefaultVideoCover.png">$VAR[ListPosterVar]</texture>
            </control>
    </control>
    </include> 
</includes>
