<?xml version='1.0' encoding='UTF-8'?>
<shortcuts>
    <shortcut>
        <label>3</label>
        <label2>Common Shortcut</label2>
        <defaultID>videos</defaultID>
        <icon>special://skin/extras/icons/video-addons.png</icon>
        <action>ActivateWindow(Videos,VideoLibrary)</action>
    </shortcut>
    <shortcut>
        <label>342</label>
        <label2>Common Shortcut</label2>
        <defaultID>movie</defaultID>
        <icon>special://skin/extras/icons/movie.png</icon>
        <action>ActivateWindow(Videos,MovieTitles,return)</action>
    </shortcut>
    <shortcut>
        <label>20343</label>
        <label2>Common Shortcut</label2>
        <defaultID>tvshow</defaultID>
        <icon>special://skin/extras/icons/tv.png</icon>
        <action>ActivateWindow(Videos,TvShowTitles,return)</action>
    </shortcut>
    <shortcut>
        <label>20389</label>
        <label2>Common Shortcut</label2>
        <defaultID>musicvideo</defaultID>
        <icon>special://skin/extras/icons/musicvideo.png</icon>
        <action>ActivateWindow(Videos,MusicVideoTitles,return)</action>
    </shortcut>
    <shortcut>
        <label>2</label>
        <label2>Common Shortcut</label2>
        <defaultID>music</defaultID>
        <icon>special://skin/extras/icons/music.png</icon>
        <action>ActivateWindow(Music,Artists,return)</action>
    </shortcut>
    <shortcut>
        <label>19021</label>
        <label2>Common Shortcut</label2>
        <defaultID>radio</defaultID>
        <icon>special://skin/extras/icons/radio.png</icon>
        <action>ActivateWindow(RadioChannels,return)</action>
    </shortcut>
    <shortcut>
        <label>19020</label>
        <label2>Common Shortcut</label2>
        <defaultID>livetv</defaultID>
        <icon>special://skin/extras/icons/livetv.png</icon>
        <action>ActivateWindow(TVChannels,return)</action>
    </shortcut>
    <shortcut>
        <label>1</label>
        <label2>Common Shortcut</label2>
        <defaultID>pictures</defaultID>
        <icon>special://skin/extras/icons/pictures.png</icon>
        <action>ActivateWindow(Pictures,return)</action>
    </shortcut>
    <shortcut>
        <label>24001</label>
        <label2>Common Shortcut</label2>
        <defaultID>addons</defaultID>
        <icon>special://skin/extras/icons/addons.png</icon>
        <action>ActivateWindow(1100)</action>
    </shortcut>
    <shortcut>
        <label>8</label>
        <label2>Common Shortcut</label2>
        <defaultID>weather</defaultID>
        <icon>special://skin/extras/icons/sun.png</icon>
        <action>ActivateWindow(Weather)</action>
    </shortcut>
</shortcuts>
