<?xml version="1.0" encoding="UTF-8"?>
<window>
	<defaultcontrol always="true">52</defaultcontrol>
	<controls>
		<include>DefaultBackground</include>
		<control type="image">
				<description>LOGO</description>
				<left>0</left>
				<top>-100</top>
				<width>1920</width>
				<height>100</height>
				<texture>dialogs/logo-login.png</texture>
				<animation effect="slide" end="0,150" time="300" tween="sine" easing="inout" delay="300">WindowOpen</animation>
				<animation type="WindowClose">
					<effect type="fade" start="100" end="0" time="300" tween="sine" easing="out" />
					<effect type="slide" start="0" end="320" time="300" tween="cubic" easing="out" />
				</animation>
		</control>
		<control type="image">
				<description>LOGO</description>
				<left>0</left>
				<top>91</top>
				<width>1015</width>
				<height>4</height>
				<texture>dialogs/white.png</texture>
				<animation effect="slide" start="-1015,0" end="0,0" time="500" tween="sine" easing="inout" delay="500">WindowOpen</animation>
				<animation type="WindowClose">
					<effect type="fade" start="100" end="0" time="300" tween="sine" easing="out" />
					<effect type="slide" start="0" end="320" time="300" tween="cubic" easing="out" />
				</animation>
		</control>
		<control type="image">
				<description>LOGO</description>
				<right>0</right>
				<top>142</top>
				<width>978</width>
				<height>4</height>
				<texture>dialogs/white.png</texture>
				<animation effect="slide" start="2898,0" end="0,0" time="500" tween="sine" easing="inout" delay="500">WindowOpen</animation>
				<animation type="WindowClose">
					<effect type="fade" start="100" end="0" time="300" tween="sine" easing="out" />
					<effect type="slide" start="0" end="320" time="300" tween="cubic" easing="out" />
				</animation>
		</control>
		<control type="group">
			<include>OpenClose_Right</include>
			<control type="image">
				<description>LOGO</description>
				<left>615</left>
				<top>200</top>
				<width>690</width>
				<height>53</height>
				<aspectratio aligny="top" align="center">keep</aspectratio>
				<texture>icons/logo.png</texture>
			</control>
			<control type="label">
				<left>615</left>
				<top>300</top>
				<width>690</width>
				<height>40</height>
				<align>center</align>
				<aligny>center</aligny>
				<label>$LOCALIZE[31098]</label>
			</control>
			<control type="list" id="52">
				<left>615</left>
				<top>370</top>
				<width>690</width>
				<height>401</height>
				<onleft>20</onleft>
				<onright>20</onright>
				<onup>20</onup>
				<ondown>20</ondown>
				<pagecontrol>60</pagecontrol>
				<scrolltime>200</scrolltime>
				<itemlayout height="130" width="690">
					<control type="image">
						<left>20</left>
						<top>20</top>
						<width>90</width>
						<height>88</height>
						<texture border="40">colors/black.png</texture>
					</control>
					<control type="image">
						<left>0</left>
						<top>0</top>
						<width>690</width>
						<height>130</height>
						<texture border="40">buttons/button-nofo.png</texture>
					</control>
					<control type="image">
						<left>25</left>
						<top>25</top>
						<width>80</width>
						<height>78</height>
						<texture fallback="DefaultUser.png">$INFO[ListItem.Icon]</texture>
						<aspectratio>scale</aspectratio>
					</control>
					<control type="label">
						<left>130</left>
						<top>14</top>
						<width>540</width>
						<height>60</height>
						<font>font24_title</font>
						<aligny>center</aligny>
						<label>$INFO[ListItem.Label]</label>
					</control>
					<control type="label">
						<left>130</left>
						<top>58</top>
						<width>540</width>
						<height>50</height>
						<font>font12</font>
						<textcolor>grey</textcolor>
						<aligny>center</aligny>
						<label>$INFO[ListItem.Label2]</label>
					</control>
				</itemlayout>
				<focusedlayout height="130" width="690">
					<control type="image">
						<left>20</left>
						<top>20</top>
						<width>90</width>
						<height>90</height>
						<texture border="40">colors/black.png</texture>
					</control>
					<control type="image">
						<left>0</left>
						<top>0</top>
						<width>690</width>
						<height>130</height>
						<texture border="40">buttons/button-nofo.png</texture>
						<visible>!Control.HasFocus(52)</visible>
					</control>
					<control type="image">
						<left>0</left>
						<top>0</top>
						<width>690</width>
						<height>130</height>
						<texture border="40" colordiffuse="button_focus">buttons/button-fo.png</texture>
						<visible>Control.HasFocus(52)</visible>
					</control>
					<control type="image">
						<left>25</left>
						<top>25</top>
						<width>80</width>
						<height>78</height>
						<texture fallback="DefaultUser.png">$INFO[ListItem.Icon]</texture>
						<aspectratio>scale</aspectratio>
					</control>
					<control type="label">
						<left>130</left>
						<top>14</top>
						<width>540</width>
						<height>60</height>
						<font>font24_title</font>
						<aligny>center</aligny>
						<label>$INFO[ListItem.Label]</label>
					</control>
					<control type="label">
						<left>130</left>
						<top>58</top>
						<width>540</width>
						<height>50</height>
						<font>font12</font>
						<aligny>center</aligny>
						<label>$INFO[ListItem.Label2]</label>
					</control>
				</focusedlayout>
			</control>
			<control type="button" id="20">
				<description>Power push button</description>
				<left>710</left>
				<top>950</top>
				<width>500</width>
				<height>98</height>
				<label>$LOCALIZE[31072]</label>
				<font>font12</font>
				<align>center</align>
				<onclick>ActivateWindow(ShutdownMenu)</onclick>
				<onleft>52</onleft>
				<onright>52</onright>
				<onup>52</onup>
				<ondown>52</ondown>
				<colordiffuse>CCFFFFFF</colordiffuse>
			</control>
		</control>
	</controls>
</window>
