<?xml version="1.0" encoding="UTF-8"?>
<includes>
     <include name="View_59_BigPoster">
        <control type="group">
            <visible>Control.IsVisible(59)</visible>
            <include>Visible_Right</include>
	    <include>OpenClose_Right</include>
	    <top>180</top>
	    <left>93</left>
            <right>93</right>
            <height>700</height>
            <include content="View_BigPoster">
                <param name="width" value="2800" /> 
                <param name="id" value="59" />
                <param name="condition" value="Container.Content(episodes) | Container.Content(albums) | Container.Content(artists) | Container.Content(seasons) | Container.Content(sets) | Container.Content(tvshows) | Container.Content(movies)" />
            </include>
        </control>
    </include>
    
    <include name="View_BigPoster">
        <control type="group">
            <control type="fixedlist" id="$PARAM[id]">
                <animation effect="slide" start="0" end="237" condition="Container($PARAM[id]).Position(0) | Container($PARAM[id]).Position(1)" time="400" tween="quadratic">Conditional</animation>
                <animation effect="slide" start="0" end="-237" condition="Container($PARAM[id]).Position(3) | Container($PARAM[id]).Position(4)" time="400" tween="quadratic">Conditional</animation>
                <top>0</top>
                <left>-362</left>
                <width>$PARAM[width]</width>
                <height>700</height>
                <onleft>$PARAM[id]</onleft>
                <onright>$PARAM[id]</onright>
                <ondown>5199</ondown>
                <onup condition="!Skin.HasSetting(KioskMode)">9000</onup>
                <pagecontrol>5199</pagecontrol>
                <focusposition>2</focusposition>
                <movement>1</movement>
                <preloaditems>2</preloaditems>
                <orientation>horizontal</orientation>               
                <viewtype label="$LOCALIZE[40093]">bigicons</viewtype>
                <scrolltime tween="quadratic">400</scrolltime>
                <visible>$PARAM[condition]</visible>
                <itemlayout height="700" width="495" condition="!Container.Content(artists) + !Container.Content(albums) + !Container.Content(episodes)">
                    <control type="group">
                        <left>0</left>
                        <right>20</right>
                        <control type="image">
                            <width>100%</width>
                            <height>100%</height>
                            <texture>dialogs/back.png</texture>
                        </control>
                        <control type="image">
                            <left>10</left>
                            <right>10</right>
                            <top>10</top>
                            <bottom>10</bottom>
                            <aspectratio>stretch</aspectratio>
                            <texture fallback="DefaultVideo.png">$VAR[ListPosterVar]</texture>
                        </control>        
                    </control>
                </itemlayout>
                <focusedlayout height="700" width="495" condition="!Container.Content(artists) + !Container.Content(albums) + !Container.Content(episodes)">
                    <control type="group">
                        <left>0</left>
                        <right>20</right>
                        <control type="image">
                            <width>100%</width>
                            <height>100%</height>
                            <texture>dialogs/back.png</texture>
                            <visible>!Control.HasFocus($PARAM[id])</visible>
                        </control>
                        <control type="image">
                            <posx>-18</posx>
                            <posy>-18</posy>
                            <width>513</width>
                            <height>738</height>
                            <texture border="40" colordiffuse="button_focus">buttons/dialogbutton-fo.png</texture>
                            <visible>Control.HasFocus($PARAM[id])</visible>
                        </control>
                        <control type="image">
                            <left>10</left>
                            <right>10</right>
                            <top>10</top>
                            <bottom>10</bottom>
                            <aspectratio>stretch</aspectratio>
                            <texture fallback="DefaultVideo.png">$VAR[ListPosterVar]</texture>
                        </control>            
                    </control>
                </focusedlayout>
                <itemlayout height="700" width="495" condition="Container.Content(artists) | Container.Content(albums)">
                    <control type="group">
                        <left>0</left>
                        <right>20</right>
                        <control type="image">
                            <width>100%</width>
                            <height>100%</height>
                            <texture>dialogs/back.png</texture>
                        </control>
                        <control type="image">
                            <left>10</left>
                            <right>10</right>
                            <top>10</top>
                            <height>435</height>                   
                            <aspectratio>stretch</aspectratio>
                            <texture fallback="DefaultMusicArtists.png">$VAR[ListPosterVar]</texture>
                            <visible>Container.Content(artists)</visible>
                        </control>
                        <control type="image">
                            <left>10</left>
                            <right>10</right>
                            <top>10</top>
                            <height>435</height>                   
                            <aspectratio>stretch</aspectratio>
                            <texture fallback="DefaultMusicAlbums.png">$VAR[ListPosterVar]</texture>
                            <visible>Container.Content(albums)</visible>
                        </control>
                        <control type="textbox">
                            <left>0</left>
                            <right>20</right>
                            <width>100%</width>
                            <top>460</top>
                            <bottom>20</bottom>
                            <label>$INFO[ListItem.Artist,[B],[/B][CR]]$INFO[ListItem.Album,,[CR][CR]]$INFO[ListItem.Year]</label>
                            <align>center</align>
                            <aligny>center</aligny>
                        </control>
                    </control>
               </itemlayout>
               <focusedlayout height="700" width="495" condition="Container.Content(artists) | Container.Content(albums)">
                    <control type="group">
                        <left>0</left>
                        <right>20</right>
                        <control type="image">
                            <width>100%</width>
                            <height>100%</height>
                            <texture>dialogs/back.png</texture>
                            <visible>!Control.HasFocus($PARAM[id])</visible>
                        </control>
                        <control type="image">
                            <posx>-18</posx>
                            <posy>-18</posy>
                            <width>513</width>
                            <height>738</height>
                            <texture border="40" colordiffuse="button_focus">buttons/dialogbutton-fo.png</texture>
                            <visible>Control.HasFocus($PARAM[id])</visible>
                        </control>
                        <control type="image">
                            <left>10</left>
                            <right>10</right>
                            <top>10</top>
                            <height>435</height>                   
                            <aspectratio>stretch</aspectratio>
                            <texture fallback="DefaultMusicArtists.png">$VAR[ListPosterVar]</texture>
                            <visible>Container.Content(artists)</visible>
                        </control>
                        <control type="image">
                            <left>10</left>
                            <right>10</right>
                            <top>10</top>
                            <height>435</height>                   
                            <aspectratio>stretch</aspectratio>
                            <texture fallback="DefaultMusicAlbums.png">$VAR[ListPosterVar]</texture>
                            <visible>Container.Content(albums)</visible>
                        </control>
                        <control type="textbox">
                            <left>0</left>
                            <right>20</right>
                            <width>100%</width>
                            <top>460</top>
                            <bottom>20</bottom>
                            <label>$INFO[ListItem.Artist,[B],[/B][CR]]$INFO[ListItem.Album,,[CR][CR]]$INFO[ListItem.Year]</label>
                            <align>center</align>
                            <aligny>center</aligny>
                        </control>
                    </control>
                </focusedlayout>
               <itemlayout height="700" width="495" condition="Container.Content(episodes)">
                    <control type="group">
                        <visible>String.IsEqual(ListItem.Label,..)</visible>
                        <left>0</left>
                        <right>20</right>
                        <control type="image">
                            <width>100%</width>
                            <height>100%</height>
                            <texture>dialogs/back.png</texture>
                        </control>
                        <control type="image">
                            <left>10</left>
                            <right>10</right>
                            <top>10</top>
                            <bottom>10</bottom>
                            <aspectratio align="center" aligny="top">scale</aspectratio>
                            <texture>$INFO[ListItem.Icon]</texture>
                        </control>
                    </control>
                    <control type="group">
                        <visible>!String.IsEqual(ListItem.Label,..)</visible>
                        <left>0</left>
                        <right>20</right>
                        <control type="image">
                            <width>100%</width>
                            <height>100%</height>
                            <texture>dialogs/back.png</texture>
                        </control>
                        <control type="image">
                            <left>10</left>
                            <right>10</right>
                            <top>10</top>
                            <height>256</height>
                            <aspectratio align="center" aligny="top">scale</aspectratio>
                            <texture background="true" fallback="DefaultVideo.png">$INFO[ListItem.Art(thumb)]</texture>
                            <visible>!Container.Content(tvshows)</visible>
                        </control>
                        <control type="image">
                            <left>10</left>
                            <right>10</right>
                            <top>10</top>
                            <height>256</height>
                            <aspectratio align="center" aligny="top">scale</aspectratio>
                            <texture background="true" fallback="DefaultVideo.png">$VAR[TVShowWidgetImageVar]</texture>
                            <visible>Container.Content(tvshows)</visible>
                        </control>
                        <control type="group">
                            <top>276</top>
                            <left>10</left>
                            <right>10</right>
                            <control type="label">
                                <top>6</top>
                                <left>10</left>
                                <right>10</right>
                                <height>36</height>
                                <label>[B]$INFO[ListItem.Title][/B]</label>
                            </control>
                            <control type="label">
                                <top>50</top>
                                <left>10</left>
                                <right>10</right>
                                <height>24</height>
                                <font>font12</font>                               
                                <label>[UPPERCASE]$INFO[ListItem.Season,$LOCALIZE[20373] , • ]$INFO[ListItem.Episode,$LOCALIZE[20359] ,][/UPPERCASE]</label>
                            </control>
                            <control type="textbox">
                                <top>100</top>
                                <left>10</left>
                                <right>10</right>
                                <width>436</width>
                                <height>278</height>
                                <align>left</align>
                                <font>font12</font>
                                <autoscroll>false</autoscroll>
                                <label>$VAR[ShiftRightTextBoxVar]</label>
                            </control>
                            <control type="label">
                                <bottom>20</bottom>
                                <left>10</left>
                                <right>10</right>
                                <height>20</height>
                                <align>center</align>
                                <font>font10</font>
                                <label>[I]$LOCALIZE[40092] $INFO[ListItem.Premiered][/I]</label>
                            </control>                     
                        <control type="image">
                            <right>0</right>
                            <top>44</top>
                            <height>48</height>
                            <width>48</width>                         
                            <texture>$VAR[ListWatchedIconVar]</texture>
                        </control>                                          
                        </control>
                    </control>
                </itemlayout>
                <focusedlayout height="700" width="495" condition="Container.Content(episodes)">
                    <control type="group">
                        <visible>String.IsEqual(ListItem.Label,..)</visible>
                        <left>0</left>
                        <right>20</right>
                        <control type="image">
                            <width>100%</width>
                            <height>100%</height>
                            <texture>dialogs/back.png</texture>
                            <visible>!Control.HasFocus($PARAM[id])</visible>
                        </control>
                        <control type="image">
                            <posx>-18</posx>
                            <posy>-18</posy>
                            <width>513</width>
                            <height>738</height>
                            <texture border="40" colordiffuse="button_focus">buttons/dialogbutton-fo.png</texture>
                            <visible>Control.HasFocus($PARAM[id])</visible>
                        </control>
                        <control type="image">
                            <left>10</left>
                            <right>10</right>
                            <top>10</top>
                            <bottom>10</bottom>
                            <aspectratio align="center" aligny="top">scale</aspectratio>
                            <texture>$INFO[ListItem.Icon]</texture>
                        </control>
                    </control>
                    <control type="group">
                        <visible>!String.IsEqual(ListItem.Label,..)</visible>
                        <left>0</left>
                        <right>20</right>
                        <control type="image">
                            <width>100%</width>
                            <height>100%</height>
                            <texture>dialogs/back.png</texture>
                            <visible>!Control.HasFocus($PARAM[id])</visible>
                        </control>
                        <control type="image">
                            <posx>-18</posx>
                            <posy>-18</posy>
                            <width>513</width>
                            <height>738</height>
                            <texture border="40" colordiffuse="button_focus">buttons/dialogbutton-fo.png</texture>
                            <visible>Control.HasFocus($PARAM[id])</visible>
                        </control>
                        <control type="image">
                            <left>10</left>
                            <right>10</right>
                            <top>10</top>
                            <height>256</height>
                            <aspectratio align="center" aligny="top">scale</aspectratio>
                            <texture background="true" fallback="DefaultVideo.png">$INFO[ListItem.Art(thumb)]</texture>
                            <visible>!Container.Content(tvshows)</visible>
                        </control>
                        <control type="image">
                            <left>10</left>
                            <right>10</right>
                            <top>10</top>
                            <height>256</height>
                            <aspectratio align="center" aligny="top">scale</aspectratio>
                            <texture background="true" fallback="DefaultVideo.png">$VAR[TVShowWidgetImageVar]</texture>
                            <visible>Container.Content(tvshows)</visible>
                        </control>
                        <control type="group">
                            <top>276</top>
                            <left>10</left>
                            <right>10</right>
                            <control type="label">
                                <top>6</top>
                                <left>10</left>
                                <right>10</right>
                                <height>36</height>
                                <scroll>yes</scroll>
                                <label>[B]$INFO[ListItem.Title][/B]</label>
                            </control>
                            <control type="label">
                                <top>50</top>
                                <left>10</left>
                                <right>10</right>
                                <height>24</height>
                                <font>font12</font>                               
                                <label>[UPPERCASE]$INFO[ListItem.Season,$LOCALIZE[20373] , • ]$INFO[ListItem.Episode,$LOCALIZE[20359] ,][/UPPERCASE]</label>
                            </control>
                            <control type="textbox">
                                <top>100</top>
                                <left>10</left>
                                <right>10</right>
                                <width>436</width>
                                <height>278</height>
                                <align>left</align>
                                <font>font12</font>
                                <label>$VAR[ShiftRightTextBoxVar]</label>
                                <autoscroll delay="10000" time="4000" repeat="10000">Skin.HasSetting(autoscroll)</autoscroll>
                            </control>
                            <control type="label">
                                <bottom>20</bottom>
                                <left>10</left>
                                <right>10</right>
                                <height>20</height>
                                <align>center</align>
                                <font>font10</font>
                                <label>[I]$LOCALIZE[40092] $INFO[ListItem.Premiered][/I]</label>
                            </control>                     
                        <control type="image">
                            <right>0</right>
                            <top>44</top>
                            <height>48</height>
                            <width>48</width>                         
                            <texture>$VAR[ListWatchedIconVar]</texture>
                        </control>                                          
                        </control>
                    </control>
                </focusedlayout>
            </control>
        </control>
    </include>
</includes>
